iter	MultiClass
0	1.563980527
1	1.516827175
2	1.483238324
3	1.456481577
4	1.431219721
5	1.407941914
6	1.391348629
7	1.373765991
8	1.359764815
9	1.34665475
